[
  {
    "id": "industry-linkages",
    "icon": "fas fa-link",
    "title_en": "Industries, Investors and Customers Linkages",
    "description_en": "Creating strategic connections between industries, investors, and customers across different market segments to foster partnerships, enable investments, and drive business growth.",
    "details_en": "## Comprehensive Market Connectivity\n\nWe specialize in bridging critical gaps in the Rwandan business ecosystem by connecting key market players. Our network spans multiple sectors including manufacturing, agriculture, technology, and services.\n\n### Key Features:\n- **Sector-Specific Matchmaking**: Targeted connections based on industry requirements\n- **Investment Facilitation**: Linking investors with vetted business opportunities\n- **Market Access Support**: Helping businesses reach new customers and markets\n- **Partnership Development**: Fostering strategic collaborations and joint ventures\n- **Due Diligence Support**: Providing verification and background checks\n\n### Success Metrics:\n- 50+ successful business linkages facilitated\n- $2M+ in investment connections enabled\n- 30+ strategic partnerships formed\n- 95% client satisfaction rate",
    "title_rw": "Duhuza inganda, abashoramari n'abakiliya b'amasoko anyuranye",
    "description_rw": "Gushyiraho imiyoboro ihuje hagati y'inganda, abashoramari n'abakiliya mu masoko anyuranye, bigamije guteza imbere ubufatanyabikorwa, gushora imari, no guteza imbere ubucuruzi.",
    "details_rw": "## Guhuza Isoko Bikomeye\n\nTuri abahanga mu guhuza ibice by'ingengo y'ubukungu bwa Rwanda binyuze mu guhuza abafatanyabikorwa b'ingenzi b'isoko. Urusobe rwacu ruhabwa n'ibyiciro byinshi birimo gukora ibintu, ubuhinzi, ikoranabuhanga, n'inshingano.\n\n### Ibiranga:\n- **Guhuza mu Byiciro**: Guhuza bihuje n'ibisabwa by'inganda\n- **Gufasha mu Gushora Imari**: Guhuza abashoramari n'amahirwe y'ubucuruzi yasuzumwe\n- **Inkunga mu Kugera ku Isoko**: Gufasha amasosiyete kugera ku bakiriya bashya n'amasoko\n- **Guteza imbere Ubufatanyabikorwa**: Gushyiraho ubufatanyabikorwa n'ubwikorezi\n- **Inkunga mu Gusuzuma**: Gutanga ubusabe n'ibisubizo by'inyuma\n\n### Ibyagezweho:\n- Imiyoboro 50+ y'ubucuruzi yatewe imbere\n- Imari irenga miliyoni 2 z'amadolari yo gushoramari yashyizwe mubikorwa\n- Ubufatanyabikorwa 30+ bwa gahunda bwashyizweho\n- 95% by'abakiriya bishimiye",
    "featured_image": "https://ik.imagekit.io/p5fgz8czl/IMG-20251217-WA0008.jpg",
    "order": 1,
    "active": true,
    "featured": true,
    "updated": "2025-01-22 10:30:00"
  },
  {
    "id": "talent-jobs",
    "icon": "fas fa-user-tie",
    "title_en": "Talent and Job Opportunities",
    "description_en": "Connecting employers with qualified professionals and creating meaningful employment opportunities through strategic talent matchmaking and career development support.",
    "details_en": "## Strategic Talent Solutions\n\nWe address Rwanda's growing need for skilled professionals by providing comprehensive talent matching services that benefit both employers and job seekers.\n\n### For Employers:\n- **Executive Search**: Finding leadership talent for key positions\n- **Recruitment Process Outsourcing**: Managing entire hiring processes\n- **Talent Pipeline Development**: Building relationships with potential candidates\n- **Employer Branding**: Enhancing your company's appeal to top talent\n- **Onboarding Support**: Ensuring smooth transition for new hires\n\n### For Job Seekers:\n- **Career Counseling**: Personalized guidance and career planning\n- **CV Optimization**: Professional resume writing and enhancement\n- **Interview Preparation**: Mock interviews and coaching sessions\n- **Skills Assessment**: Identifying strengths and development areas\n- **Networking Opportunities**: Connecting with industry professionals\n\n### Specialized Sectors:\n- Technology & IT professionals\n- Finance & Accounting experts\n- Marketing & Sales specialists\n- Operations & Logistics managers\n- Healthcare professionals",
    "title_rw": "Guhuza abakoresha n'abashaka akazi",
    "description_rw": "Guhuza abakoresha n'abanyabwenge bafite ubuhanga no guha amahirwe yo gukora akazi agamije guhuza abakozi n'iterambere ry'umwuga.",
    "details_rw": "## Ibisubizo by'Ubuhanga\n\nDukemura ikibazo cy'ubwiyongere bw'ubuhanga mu Rwanda binyuze mu gutanga serivisi zo guhuza abakozi zikungahaye kuri abakoresha n'abashaka akazi.\n\n### Kuri Abakoresha:\n- **Gushaka Abayobozi**: Gushaka abayobozi b'ubuhanga kuri za poste z'ingenzi\n- **Guhindura Uburyo bwo Gushaka Abakozi**: Gucunga uburyo bwo gushaka abakozi buzatangiye\n- **Gutezimbere Umuyoboro w'Abakozi**: Kubaka ubufatanye n'abandi bashobora kuba abakozi\n- **Kwamamaza Izina ry'Ikigo**: Kongera gukunda isosiyete yawe ku bakozi b'ingenzi\n- **Inkunga mu Kwakira**: Kwemeza ko abakozi bashya bajya mu kazi neza\n\n### Kuri Abashaka Akazi:\n- **Inama z'Umwuga**: Inama zihariye n'iteguro ry'umwuga\n- **Kunoza CV**: Kwandika CV n'ubunyanzani\n- **Gutegura Intera**: Intera zo kwigisha no kwigisha\n- **Gusuzuma Ubuhanga**: Gushaka ubushobozi n'ahantu ho kwiyongera\n- **Amahirwe yo Kwifatanya**: Kwihuza n'abahanga mu rwego\n\n### Ibyiciro Byihariye:\n- Abahanga mu ikoranabuhanga na IT\n- Abahanga mu imari no kubara\n- Abahanga mu kwamamaza no kugurisha\n- Abayobozi b'ibikorwa n'ubuhinzi\n- Abahanga mu buzima",
    "featured_image": "",
    "order": 2,
    "active": true,
    "featured": true,
    "updated": "2025-01-22 11:15:00"
  },
  {
    "id": "business-advisory",
    "icon": "fas fa-chart-line",
    "title_en": "Business Advisory & Professional Training",
    "description_en": "Providing expert business consultancy and professional development training to help organizations optimize operations, develop strategies, and achieve sustainable growth.",
    "details_en": "## Expert Business Guidance\n\nOur advisory services combine local market expertise with international best practices to deliver practical solutions for Rwandan businesses at all stages of development.\n\n### Advisory Services Include:\n- **Strategic Planning**: Business model development and growth strategy\n- **Financial Management**: Budgeting, forecasting, and financial analysis\n- **Marketing Strategy**: Market research, branding, and customer acquisition\n- **Operational Excellence**: Process optimization and efficiency improvements\n- **Digital Transformation**: Technology adoption and digital strategy\n- **Compliance & Governance**: Regulatory compliance and corporate governance\n- **Risk Management**: Identifying and mitigating business risks\n\n### Professional Training Programs:\n- **Leadership Development**: Management and leadership skills training\n- **Sales Excellence**: Sales techniques and customer relationship management\n- **Financial Literacy**: Financial management for non-financial managers\n- **Digital Skills**: Technology adoption and digital tool proficiency\n- **Entrepreneurship Training**: Business startup and growth fundamentals\n\n### Delivery Methods:\n- One-on-one consulting sessions\n- Group workshops and seminars\n- Online training modules\n- Customized in-house training\n- Ongoing mentorship programs",
    "title_rw": "Inama z'ubucuruzi n'amahugurwa y'umwuga",
    "description_rw": "Gutanga inama z'ubuhanga z'ubucuruzi n'amahugurwa yo kwiyongera kugirango dufashye amasangano kunoza imikorere, guteza imbere ingamba, no kugera ku iterambere rirambye.",
    "details_rw": "## Inama z'Ubuhanga z'Ubucuruzi\n\nSerivisi zacu z'inama zihuriza hamwe ubumenyi bw'isoko bwo mu karere n'uburyo bwiza bw'isi kugirango zitore ibisubizo bikoreshwa kuri amasosiyete ya Rwanda mu byiciro byose byo kwiyongera.\n\n### Serivisi z'Inama zirimo:\n- **Gutezimbere Ingamba**: Gutezimbere igenamigambi ry'ubucuruzi n'ingamba zo kwiyongera\n- **Gucunga Imari**: Gushyiraho budije, kubara ibizaza, no gusuzuma imari\n- **Ingamba zo Kwamamaza**: Gusuzuma isoko, kwamamaza izina, no kubona abakiriya\n- **Ubushobozi mu Bikorwa**: Kunoza imikorere no kongera ubushobozi\n- **Guhindura mu Ikoranabuhanga**: Kwakira ikoranabuhanga n'ingamba z'idijitale\n- **Kubahiriza no Gucunga**: Kubahiriza amategeko no gucunga isosiyete\n- **Gucunga Ibizazane**: Gushaka no kugabanya ibizazane by'ubucuruzi\n\n### Gahunda z'Amahugurwa:\n- **Gutezimbere Ubuyobozi**: Amahugurwa y'ubuyobozi n'ubushobozi bwo kuyobora\n- **Ubushobozi mu Kugurisha**: Uburyo bwo kugurisha no gucunga ubufatanye n'abakiriya\n- **Ubumenyi bw'Imari**: Gucunga imari kuri ba manijeja badasanzwe\n- **Ubushobozi mu Ikoranabuhanga**: Kwakira ikoranabuhanga no kumenya ibikoresho bya dijitale\n- **Amahugurwa yo Gutangira Ubucuruzi**: Ibishingirwaho byo gutangira no guteza imbere ubucuruzi\n\n### Uburyo Bwo Gutanga:\n- Inama z'umuntu ku wundi\n- Amahugurwa y'itsinda n'amahugurwa\n- Inyandiko z'amahugurwa kuri interineti\n- Amahugurwa yihariye mu kigo\n- Gahunda z'inkunga zikomeye",
    "featured_image": "",
    "order": 3,
    "active": true,
    "featured": false,
    "updated": "2025-01-22 12:00:00"
  },
  {
    "id": "buyer-seller",
    "icon": "fas fa-handshake",
    "title_en": "Connecting Buyers and Sellers",
    "description_en": "Professional matchmaking between verified buyers and sellers across various sectors including real estate, land, vehicles, equipment, and commercial assets.",
    "details_en": "## Secure Transaction Facilitation\n\nWe provide a trusted platform for business transactions, ensuring security, transparency, and fair value for all parties involved in buyer-seller connections.\n\n### Transaction Sectors:\n- **Real Estate**: Residential and commercial properties\n- **Land & Property**: Agricultural, commercial, and residential land\n- **Vehicles**: Cars, motorcycles, trucks, and specialized vehicles\n- **Equipment**: Industrial, agricultural, and office equipment\n- **Business Assets**: Commercial inventory and business acquisitions\n- **Technology Assets**: Computers, servers, and specialized equipment\n\n### Our Transaction Process:\n1. **Verification**: Thorough background checks on all parties\n2. **Valuation**: Fair market value assessment and pricing guidance\n3. **Matchmaking**: Connecting compatible buyers and sellers\n4. **Negotiation Facilitation**: Mediating terms and conditions\n5. **Due Diligence**: Document verification and legal compliance checks\n6. **Transaction Management**: Coordinating payments and transfers\n7. **Post-Transaction Support**: Ensuring smooth handover and satisfaction\n\n### Security Features:\n- Escrow payment services available\n- Legal document verification\n- Identity verification for all parties\n- Dispute resolution support\n- Transaction tracking and reporting",
    "title_rw": "Guhuza abagura n'abagurisha",
    "description_rw": "Guhuza abagura n'abagurisha bemewe mu byiciro byinshi birimo amazu, ubutaka, ibinyabiziga, ibikoresho, n'ibikoresho by'ubucuruzi.",
    "details_rw": "## Gufasha mu Bikorwa Bitabaye\n\nTuguriza urubuga rwizerwa rw'ibikorwa by'ubucuruzi, dushishikariza umutekano, ubusobanutse, n'agaciro kuri bose bahuriye mu guhuza abagura n'abagurisha.\n\n### Ibyiciro by'Ibikorwa:\n- **Amazu**: Amazu y'abantu n'ubucuruzi\n- **Ubutaka n'Imitungo**: Ubutaka bwo mu buhinzi, ubucuruzi, n'ubw'abantu\n- **Ibinyabiziga**: Imodoka, impinga, amatiraki, n'ibinyabiziga bihariye\n- **Ibikoresho**: Ibikoresho by'inganda, ubuhinzi, n'ibiro\n- **Ibikoresho by'Ubucuruzi**: Ibikoresho by'ubucuruzi no kubona amasosiyete\n- **Ibikoresho by'Ikoranabuhanga**: Mudasobwa, seriveri, n'ibikoresho bihariye\n\n### Uburyo Twifashishije mu Bikorwa:\n1. **Kwemeza**: Gusuzuma neza inyuma y'abafatanyabikorwa bose\n2. **Gupima Agaciro**: Gusuzuma agaciro k'isoko no gutanga inama ku bicuruzwa\n3. **Guhuza**: Guhuza abagura n'abagurisha bihuje\n4. **Gufasha mu Nama**: Gucunga amasezerano n'ibisabwa\n5. **Gusuzuma**: Kwemeza inyandiko no gusuzuma amategeko\n6. **Gucunga Ibikorwa**: Gutezimbere ubwishyu n'impamvu\n7. **Inkunga Nyuma y'Ibikorwa**: Kwemeza ko ibintu bijyanye neza n'ibyishimo\n\n### Ibiranga Umutekano:\n- Serivisi z'ubwishyu zihari\n- Kwemeza inyandiko z'amategeko\n- Kwemeza igihugu cy'umuntu kuri bose\n- Inkunga mu gukemura impaka\n- Gukurikirana ibikorwa no gutanga raporo",
    "featured_image": "",
    "order": 4,
    "active": true,
    "featured": true,
    "updated": "2025-01-22 13:45:00"
  },
  {
    "id": "commission-services",
    "icon": "fas fa-percentage",
    "title_en": "Buy and Sell Commission Services",
    "description_en": "Reliable intermediary services for goods and services transactions with performance-based commission structures that ensure alignment with client success.",
    "details_en": "## Performance-Based Commission Solutions\n\nWe serve as trusted intermediaries for significant transactions, earning commission only when our clients achieve successful outcomes, ensuring our interests are fully aligned with yours.\n\n### Commission Structures:\n- **Standard Commission (3-5%)**: General goods and services transactions\n- **Premium Commission (5-10%)**: High-value assets and specialized services\n- **Negotiated Rates**: Custom agreements for bulk or ongoing transactions\n- **Success-Only Fees**: Commission payable only upon successful completion\n- **Tiered Commission**: Progressive rates based on transaction value\n\n### Our Service Guarantee:\n- **No Success, No Fee**: We only earn when you succeed\n- **Transparent Pricing**: Clear commission structure with no hidden fees\n- **Dedicated Support**: Personalized attention throughout the process\n- **Legal Compliance**: All transactions adhere to Rwandan regulations\n- **Confidentiality**: Complete privacy for all client information\n\n### Transaction Support Includes:\n- Market valuation and pricing advice\n- Buyer/seller identification and verification\n- Negotiation strategy and facilitation\n- Contract drafting and review\n- Payment processing coordination\n- Post-transaction follow-up\n- Dispute resolution assistance\n\n### Ideal For:\n- Real estate transactions\n- Business sales and acquisitions\n- High-value equipment sales\n- Commercial property deals\n- Specialized asset transactions",
    "title_rw": "Gutanga serivisi y'ubuhahirane ku bicuruzwa na serivisi",
    "description_rw": "Serivisi z'ubuhahirane zizerwa kuri ibikorwa by'ibicuruzwa n'inshingano zifite imiterere y'ikomisiyo ishingiye ku bikorwa, zishishikariza guhuza n'ibyagezweho n'umukiriya.",
    "details_rw": "## Ibisubizo by'Ikomisiyo Bishingiye ku Bikorwa\n\nTukora nk'abahuza bizerwa kuri ibikorwa by'ingirakamaro, dukora komisiyo gusa iyo abakiriya bacu bateye imbere neza, dushishikariza ko ibyacu bihuza neza n'ibyanyu.\n\n### Imiterere y'Ikomisiyo:\n- **Ikomisiyo Isanzwe (3-5%)**: Ibikorwa by'ibicuruzwa n'inshingano bisanzwe\n- **Ikomisiyo Yihariye (5-10%)**: Ibikoresho bifite agaciro kanini n'inshingano zihariye\n- **Igiciro Cyavunwe**: Amasezerano yihariye kuri ibikorwa byinshi cyangwa bikomeye\n- **Amafaranga Gusa iyo Byagezweho**: Ikomisiyo ishobora kwishyurwa gusa iyo ibikorwa byarangiye neza\n- **Ikomisiyo Itandukanye**: Igiciro kirushijeho guteza imbere kishingiye ku gaciro k'ibikorwa\n\n### Icyizere Cyacu:\n- **Nta Gutsinda, Nta Faranga**: Tuzakora komisiyo gusa iyo mutsinze\n- **Igiciro Gisobanutse**: Imiterere y'ikomisiyo isobanutse nta mafaranga yihishe\n- **Inkunga Yihariye**: Icyitonderwa gihariye mu gihe cyose\n- **Kubahiriza Amategeko**: Ibikorwa byose bihuje n'amategeko ya Rwanda\n- **Ibijyanye**: Kubika ibijyanye byose by'umukiriya\n\n### Inkunga mu Bikorwa Iramo:\n- Inama yo gupima isoko n'igiciro\n- Gushaka no kwemeza umugura/umugurisha\n- Ingamba zo guhuza n'inkunga\n- Kwandika no gusuzuma kontaro\n- Gutezimbere ubwishyu\n- Gukurikirana nyuma y'ibikorwa\n- Gufasha mu gukemura impaka\n\n### Bikwiye:\n- Ibikorwa by'amazu\n- Kugurisha no kubona amasosiyete\n- Kugurisha ibikoresho bifite agaciro\n- Amasezerano y'ibikoresho by'ubucuruzi\n- Ibikorwa by'ibikoresho bihariye",
    "featured_image": "",
    "order": 5,
    "active": true,
    "featured": false,
    "updated": "2025-01-22 14:30:00"
  }
]