{
  "page_title": "About Curuza Hub",
  "en": {
    "overview": "# About CURUZA HUB F LTD\n\nEstablished in 2025, CURUZA HUB F LTD stands as a pioneering force in business connectivity and sales consultancy within Rwanda. We operate at the intersection of industries, investors, and customers, creating strategic linkages that drive economic growth and opportunity creation.\n\nOur name 'Curuza' symbolizes connection and bridge-building—core principles that define our approach to business development. We believe that sustainable economic progress comes from creating meaningful connections between market players.",
    "mission": "To empower businesses and individuals in Rwanda by creating strategic connections, providing expert consultancy, and facilitating opportunities that drive growth, innovation, and economic development.",
    "vision": "To become Rwanda's leading business connectivity platform, recognized for transforming market opportunities into tangible success stories across all sectors of the economy.",
    "values": [
      "Integrity and Transparency in all dealings",
      "Client-Centered Solutions tailored to specific needs",
      "Innovation and Adaptability in approach",
      "Collaboration and Partnership mindset",
      "Excellence and Professionalism in service delivery",
      "Impact and Sustainability in outcomes"
    ],
    "objective": "To connect 500+ businesses, facilitate 200+ employment opportunities, and generate $2M+ in business transactions through our platform by the end of 2026.",
    "problem": "## The Market Gap We Address\n\nRwanda's rapidly growing economy presents numerous opportunities, but significant challenges remain:\n\n**Market Fragmentation**\nMany businesses operate in isolation without access to broader markets, investors, or potential partners.\n\n**Information Asymmetry**\nCritical information about opportunities, markets, and resources doesn't reach those who need it most.\n\n**Talent Mismatch**\nEmployers struggle to find qualified talent while job seekers lack visibility to appropriate opportunities.\n\n**Transaction Inefficiencies**\nBuyers and sellers face challenges in finding each other, negotiating fair terms, and completing secure transactions.\n\n**Limited Advisory Support**\nMany SMEs lack access to professional business advisory services needed for growth and scaling.",
    "solution": "## Our Integrated Approach\n\nCURUZA HUB addresses these challenges through a multi-faceted solution:\n\n**Strategic Connectivity Platform**\nWe create and maintain a dynamic network of industries, investors, and customers across sectors.\n\n**Intelligence and Matchmaking**\nUsing market insights and data, we match needs with opportunities—whether for talent, investment, or partnerships.\n\n**Professional Services Ecosystem**\nWe provide business advisory, training, and support services to ensure our connections lead to successful outcomes.\n\n**Transaction Facilitation**\nWe offer secure, transparent processes for business transactions with appropriate commission structures.\n\n**Continuous Innovation**\nWe constantly evolve our services based on market feedback and emerging economic trends in Rwanda.\n\n### Why We're Different\nUnlike traditional consultancies, we focus on **actionable connections** rather than just advice. We don't just tell you what to do—we connect you with the people and resources to make it happen."
  },
  "rw": {
    "overview": "# Ibyerekeye CURUZA HUB F LTD\n\nYashinzwe mu 2025, CURUZA HUB F LTD ikora nk'ikigo cyihariye mu guhuza ubucuruzi no gutanga inama mu Rwanda. Dukora mu guhuza inganda, abashoramari n'abakiliya, dushyiraho imiyoboro ihuje itera iterambere ry'ubukungu n'amahirwe.\n\nIzina ryacu 'Curuza' risobanura guhuza no kubaka imiryururu—inyigisho zishingiye ku buryo twifashishwa mu iterambere ry'ubucuruzi. Twaremera ko iterambere ry'ubukungu rirakomeza riza mu guhuza neza abafatanyabikorwa b'isoko.",
    "mission": "Guhabwa umushobozi amasosiyete n'abantu mu Rwanda binyuze mu guhuza neza, gutanga inama z'ubuhanga, no gushyigikira amahirwe adaharanira inyungu, ihanga, n'iterambere ry'ubukungu.",
    "vision": "Kuba urwego rw'ibanze mu guhuza ubucuruzi mu Rwanda, rushimishijwe mu guhindura amahirwe y'isoko kugirango abe intego y'ibyagezweho mu byiciro byose by'ubukungu.",
    "values": [
      "Ubupfura n'ubwisanzure mu bikorwa byose",
      "Ibisubizo byateguwe ku bicu by'abakiriya",
      "Ihanga n'ubwihindagurika mu buryo",
      "Umutima wo gukorana hamwe no gufatanya",
      "Ubuhanga n'ubunyanzani mu gutanga serivisi",
      "Ingaruka n'ubukungu mu bikorwa"
    ],
    "objective": "Guhuza amasosiyete arenga 500, gushyigikira amahirwe y'akazi arenga 200, no gutera imbere ubucuruzi bwa miliyoni 2 z'amadolari binyuze muri platform yacu mbere y'umwaka wa 2026.",
    "problem": "## Isoko Twemeje Kugerageza\n\nUbukungu bwa Rwanda burabyara amahirwe menshi, ariko hari ibibazo birambuye:\n\n**Isoko Idahuje**\nAmasosiyete menshi akora adahuriwe n'isoko rinini, abashoramari, cyangwa abafatanyabikorwa bashoboka.\n\n**Amakuru Adahuriwe**\nAmakuru y'ingenzi ku bihereranye namahirwe, isoko, n'ibikoresho ntabwo ageza kubakeneye cyane.\n\n**Ubuhanga Budahuje**\nAbakoresha bagorwa no gushaka abakozi bafite ubuhanga nyamuko n'ubushake bw'akazi aho abashaka akabi ntibabona amahirwe ahuye n'ubushobozi bwabo.\n\n**Ibikorwa bidaharanira inyungu**\nAbagura n'abagurisha bahura n'ingorane zo gusanga, guhuza amasezerano, no kurangiza ibikorwa bitanze umutekano.\n\n**Inkunga y'inama nkeye**\nAmasosiyete mato mato menshi ntabwo agira ubushobozi bwo kugera ku serivisi z'inama z'ubucuruzi zikenewe kugirango bigire ubwiyongere.",
    "solution": "## Uburyo Twifashishije\n\nCURUZA HUB iragiye ibi bibazo binyuze mu bisubizo byinshi:\n\n**Platform yo Guhuza Neza**\nDushyiraho kandi dukomeze urusobe rwihariye rw'inganda, abashoramari n'abakiliya mu byiciro bitandukanye.\n\n**Ubuhanga no Guhuza**\nDukoresheje ubumenyi bw'isoko n'amakuru, duhuza ibyifuzo n'amahirwe — byaba ari ubuhanga, gushora imari, cyangwa ubufatanye.\n\n**Sisitemu y'Inama**\nTutanga inama z'ubucuruzi, amahugurwa, n'inkunga kugirango duhure ko ubufatanyabikorwa bwacu butanga ibisubizo byihuse.\n\n**Gushyigikira Ibikorwa**\nTuguriza imikorere y'umutekano, isobanutse kuri gahunda z'ubucuruzi hamwe n'imyubakire y'ubuhahirane ihuje.\n\n**Guhindagurana**\nTurambuye serivisi zacu ushingiye ku bitekerezo by'isoko n'imyitwarire mishya mu bucuruzi mu Rwanda.\n\n### Impamvu Tubinyuzeho\nNta kimwe n'inama zisanzwe, dushingiye ku **bufatanyabikorwa bwegereye** aho gusa kugira inama. Ntitubabwira gusa icyo ukwiye gukora—duhuza na bantu n'ibikoresho kugirango ibyo byabere."
  },
  "last_updated": "2025-01-20 09:15:00",
  "about_image": "https://ik.imagekit.io/p5fgz8czl/IMG-20251217-WA0009.jpg"
}