{
  "page_title": "Company Profile & Investor Information",
  "company_info": {
    "legal_name": "CURUZA HUB F LTD",
    "tin": "150563319",
    "established": "2025",
    "business_type": "Business Connectivity & Sales Consultancy"
  },
  "business_details": {
    "nature": "## Nature of Our Business\n\nCURUZA HUB F LTD operates as a specialized business connectivity and sales consultancy firm. We function as a strategic intermediary that connects various market actors to create mutual economic value.\n\n### Core Business Activities:\n1. **Market Linkage Creation** - Establishing connections between industries, investors, suppliers, and customers\n2. **Talent Matchmaking** - Bridging employers with qualified professionals and job seekers\n3. **Business Advisory Services** - Providing expert guidance on business development, strategy, and operations\n4. **Transaction Facilitation** - Assisting in buyer-seller negotiations and transactions across sectors\n5. **Opportunity Platform** - Curating and presenting investment, partnership, and growth opportunities\n\n### Operational Model:\nWe combine digital platforms with personalized consultancy to deliver measurable results for our clients. Our model is hybrid—leveraging technology for reach and human expertise for complex relationship-building.",
    
    "model": "## Business Model\n\nOur revenue is generated through multiple streams that align with the value we create for clients:\n\n### 1. Connection Fees\n- **One-time fees** for successful business linkages between parties\n- **Tiered pricing** based on deal size and complexity\n- **Success-based** model where major fees are tied to measurable outcomes\n\n### 2. Commission Structures\n- **Transaction commissions** on buyer-seller deals we facilitate (typically 2-5%)\n- **Recruitment commissions** for successful talent placements\n- **Investment facilitation fees** for connecting investors with opportunities\n\n### 3. Advisory Retainers\n- **Monthly/quarterly retainers** for ongoing business advisory services\n- **Project-based consulting fees** for specific initiatives\n- **Training program fees** for professional development workshops\n\n### 4. Premium Platform Features\n- **Featured listings** for businesses wanting enhanced visibility\n- **Priority matching services** for urgent connection needs\n- **Market intelligence reports** for subscribers\n\n### Sustainability:\nOur multi-stream approach ensures stability while allowing us to scale different service areas based on market demand.",
    
    "target_clients": "## Target Client Segments\n\nWe serve a diverse range of clients across the Rwandan economy:\n\n### Primary Segments:\n1. **Small and Medium Enterprises (SMEs)**\n   - Growing businesses needing strategic guidance and connections\n   - Startups seeking investors, partners, or talent\n   - Family businesses planning succession or expansion\n\n2. **Investors and Financial Institutions**\n   - Local and international investors seeking Rwandan opportunities\n   - Banks and microfinance institutions looking for viable businesses to finance\n   - Angel investors and venture capital firms\n\n3. **Established Businesses**\n   - Manufacturing and industrial companies seeking new markets or suppliers\n   - Service providers looking to expand their client base\n   - Importers/exporters needing local or international connections\n\n4. **Professionals and Job Seekers**\n   - Skilled professionals seeking career opportunities\n   - Recent graduates entering the job market\n   - Experts available for consulting or project work\n\n5. **International Companies**\n   - Foreign businesses exploring Rwandan market entry\n   - Multinationals seeking local partners or suppliers\n   - Development organizations implementing projects in Rwanda",
    
    "growth_strategy": "## Growth Strategy (2025-2027)\n\n### Phase 1: Foundation Building (2025)\n- Establish strong presence in Kigali market\n- Build initial network of 100+ verified businesses\n- Develop operational systems and digital platform\n- Secure first 50 successful client engagements\n- Achieve breakeven point by Q4 2025\n\n### Phase 2: Geographic Expansion (2026)\n- Expand services to secondary cities: Musanze, Huye, Rubavu\n- Grow network to 300+ businesses nationwide\n- Introduce mobile application for easier access\n- Establish partnerships with 3+ financial institutions\n- Launch specialized industry verticals (Agriculture, Tourism, Technology)\n\n### Phase 3: Service Diversification (2027)\n- Launch premium subscription models for recurring revenue\n- Expand to neighboring markets (Uganda, Tanzania)\n- Develop proprietary matching algorithm using AI/ML\n- Achieve 500+ active client partnerships\n- Generate $500K+ annual revenue\n- Explore franchise model for regional expansion\n\n### Success Metrics:\n- **Financial**: $500K+ annual revenue by end of 2027\n- **Network**: 1,000+ verified businesses in database\n- **Impact**: 300+ jobs facilitated, $5M+ transactions enabled\n- **Recognition**: Industry awards and government partnerships",
    
    "partnerships": "## Partnership Opportunities\n\nWe welcome strategic partnerships that enhance our value proposition:\n\n### 1. Corporate Partnerships\n- **Financial Institutions**: Co-create business financing programs\n- **Industry Associations**: Joint membership benefits and events\n- **Large Corporations**: Supplier diversity and SME development programs\n- **Chambers of Commerce**: Business networking and matchmaking events\n\n### 2. Technology Partnerships\n- **Software Companies**: Integration with business management tools\n- **Platform Developers**: Enhance our matching algorithms\n- **Digital Marketing Agencies**: Expand our reach and visibility\n- **Mobile App Developers**: Create user-friendly client applications\n\n### 3. International Partnerships\n- **Foreign Trade Offices**: Cross-border business matchmaking\n- **Development Agencies**: Implement economic development programs\n- **Educational Institutions**: Talent pipeline development\n- **Export Promotion Agencies**: International market access support\n\n### 4. Government Partnerships\n- **Ministry of Trade**: Support SME development initiatives\n- **RDB (Rwanda Development Board)**: Investment promotion collaboration\n- **Local Governments**: Regional economic development programs\n- **Employment Agencies**: Job creation and placement programs\n\n### Partnership Benefits:\n- **Shared Resources**: Access to combined networks and expertise\n- **Co-marketing**: Joint promotional activities and events\n- **Revenue Sharing**: Structured financial arrangements for mutual benefit\n- **Knowledge Exchange**: Regular strategic sessions and market insights\n- **Market Expansion**: Access to new customer segments and geographies"
  },
  "documents": {
    "profile_pdf": "https://drive.google.com/file/d/example-pdf-id/view?usp=sharing",
    "last_updated": "2025-01-20 16:30:00"
  }
}