[
  {
    "id": "job-marketing-manager-2025",
    "title": "Marketing Manager",
    "type": "job",
    "description": "We are seeking an experienced Marketing Manager to lead our client's marketing team in Kigali. The ideal candidate will have 5+ years of experience in digital marketing and team leadership.\n\n## Responsibilities:\n- Develop and execute marketing strategies\n- Manage digital marketing campaigns\n- Lead a team of 5 marketing professionals\n- Analyze market trends and competitor activity\n- Prepare marketing budgets and reports\n\n## Qualifications:\n- Bachelor's degree in Marketing, Business, or related field\n- Proven experience in digital marketing\n- Strong leadership and communication skills\n- Experience in the Rwandan market preferred",
    "requirements": [
      "5+ years marketing experience",
      "Digital marketing expertise",
      "Team management skills",
      "Fluent in English and Kinyarwanda",
      "Degree in relevant field"
    ],
    "benefits": [
      "Competitive salary package",
      "Health insurance",
      "Professional development allowance",
      "Performance bonuses",
      "Flexible working hours"
    ],
    "location": "Kigali, Rwanda",
    "company": "Leading Retail Company",
    "contact_email": "careers@retailcompany.rw",
    "contact_phone": "+250 788 123 456",
    "status": "active",
    "publish_date": "2025-01-10",
    "expiry_date": "2025-03-31",
    "featured_image": "",
    "external_link": ""
  },
  {
    "id": "biz-agri-processing-2025",
    "title": "Agricultural Processing Investment Opportunity",
    "type": "investment",
    "description": "Investment opportunity in a modern agricultural processing plant specializing in fruit and vegetable processing. The plant is already operational with established supply chains.\n\n## Investment Details:\n- Seeking $500,000 investment for expansion\n- Current capacity: 10 tons per day\n- Expansion target: 30 tons per day\n- ROI projection: 25% annually\n- Exit strategy available after 5 years\n\n## Market Opportunity:\n- Growing demand for processed foods in Rwanda\n- Export potential to neighboring countries\n- Government support for agri-processing\n- Established buyer contracts in place",
    "requirements": [
      "Minimum investment: $50,000",
      "Investor background in agriculture preferred",
      "Long-term investment horizon",
      "Due diligence completed"
    ],
    "benefits": [
      "Equity stake in the business",
      "Board seat available for major investors",
      "Regular dividend payments",
      "Tax incentives available",
      "Export license included"
    ],
    "location": "Eastern Province, Rwanda",
    "company": "FreshFarm Processors Ltd",
    "contact_email": "invest@freshfarm.rw",
    "contact_phone": "+250 789 987 654",
    "status": "active",
    "publish_date": "2025-01-05",
    "expiry_date": "2025-06-30",
    "featured_image": "",
    "external_link": ""
  },
  {
    "id": "partner-tech-startup-2025",
    "title": "Technology Partnership for E-commerce Platform",
    "type": "partnership",
    "description": "Seeking technology partner for joint development of an e-commerce platform targeting Rwandan SMEs. We have the business model and initial funding, need technical co-founder.\n\n## Partnership Details:\n- Equity-based partnership opportunity\n- We provide: Business plan, initial funding, market access\n- You provide: Technical development, platform architecture\n- Target launch: Q3 2025\n\n## Technical Requirements:\n- Full-stack development experience\n- Mobile app development (Flutter/React Native)\n- Payment gateway integration experience\n- Cloud infrastructure knowledge (AWS/Azure)\n- Previous e-commerce projects preferred",
    "requirements": [
      "Proven technical portfolio",
      "Available for 20+ hours per week",
      "Based in or willing to relocate to Rwanda",
      "Entrepreneurial mindset",
      "Minimum 3 years experience"
    ],
    "benefits": [
      "Significant equity stake (negotiable)",
      "Co-founder title and role",
      "Revenue sharing from day one",
      "Opportunity to build market-leading platform",
      "International expansion potential"
    ],
    "location": "Remote / Kigali, Rwanda",
    "company": "Rwanda Trade Connect Initiative",
    "contact_email": "partnerships@rtci.rw",
    "contact_phone": "+250 785 111 222",
    "status": "active",
    "publish_date": "2025-01-15",
    "expiry_date": "2025-04-15",
    "featured_image": "",
    "external_link": ""
  },
  {
    "id": "job-sales-rep-2025",
    "title": "Sales Representatives (Multiple Positions)",
    "type": "job",
    "description": "Urgently hiring sales representatives for FMCG distribution company. Positions available in Kigali, Musanze, and Huye.\n\n## Position Details:\n- Sell fast-moving consumer goods to retailers\n- Build and maintain customer relationships\n- Achieve monthly sales targets\n- Report to area sales manager\n- Company-provided sales training\n\n## Requirements:\n- High school diploma minimum",
    "requirements": [
      "High school diploma minimum",
      "University degree an advantage",
      "Sales experience preferred but not required",
      "Own smartphone required",
      "Valid driving license (motorcycle or car)",
      "Excellent communication skills"
    ],
    "benefits": [
      "Base salary + commission (uncapped)",
      "Transport allowance",
      "Sales performance bonuses",
      "Career growth opportunities",
      "Product training provided"
    ],
    "location": "Kigali, Musanze, Huye",
    "company": "QuickDistribute Rwanda Ltd",
    "contact_email": "hr@quickdistribute.rw",
    "contact_phone": "+250 782 333 444",
    "status": "active",
    "publish_date": "2025-01-18",
    "expiry_date": "2025-02-28",
    "featured_image": "",
    "external_link": ""
  },
  {
    "id": "biz-tourism-lodge-2025",
    "title": "Tourism Lodge Business for Sale",
    "type": "business",
    "description": "Well-established tourism lodge in Musanze district near Volcanoes National Park. Perfect for investor looking to enter Rwanda's growing tourism sector.\n\n## Business Details:\n- 12 guest rooms with ensuite bathrooms\n- Restaurant and bar facility\n- Conference/event space\n- Established since 2018\n- Loyal customer base (70% repeat guests)\n- Annual revenue: $180,000\n- Asking price: $450,000 (negotiable)\n\n## Assets Included:\n- Land lease (15 years remaining)\n- All furniture and equipment\n- Vehicle for guest transfers\n- Business licenses and permits\n- Staff trained and ready\n- Website and booking system",
    "requirements": [
      "Proof of funds available",
      "Tourism/hospitality experience beneficial",
      "Business plan for future development",
      "Legal capacity to operate business in Rwanda"
    ],
    "benefits": [
      "Turnkey business opportunity",
      "Strong existing cash flow",
      "Prime location near national park",
      "Trained staff in place",
      "High growth potential in Rwandan tourism"
    ],
    "location": "Musanze, Rwanda",
    "company": "Mountain View Lodge",
    "contact_email": "sellodge@mountainview.rw",
    "contact_phone": "+250 787 555 666",
    "status": "active",
    "publish_date": "2025-01-03",
    "expiry_date": "2025-05-01",
    "featured_image": "",
    "external_link": ""
  },
  {
    "id": "job-finance-officer-2025",
    "title": "Finance Officer",
    "type": "job",
    "description": "Finance Officer position available at growing microfinance institution in Kigali. Responsible for financial reporting, budgeting, and compliance.\n\n## Key Responsibilities:\n- Prepare monthly financial statements\n- Manage accounts payable and receivable\n- Assist with budget preparation\n- Ensure regulatory compliance\n- Support audit processes\n\n## Requirements:\n- Bachelor's degree in Accounting, Finance, or related\n- CPA/ACCA qualification or in progress\n- 3+ years experience in finance role\n- Proficiency in accounting software\n- Knowledge of Rwandan financial regulations\n- Excellent attention to detail",
    "requirements": [
      "Bachelor's degree in Accounting, Finance, or related",
      "CPA/ACCA qualification or in progress",
      "3+ years experience in finance role",
      "Proficiency in accounting software",
      "Knowledge of Rwandan financial regulations",
      "Excellent attention to detail"
    ],
    "benefits": [
      "Competitive banking sector salary",
      "Professional certification support",
      "Health and life insurance",
      "Retirement benefits",
      "Stable work environment"
    ],
    "location": "Kigali, Rwanda",
    "company": "People's Microfinance Ltd",
    "contact_email": "financecareers@peoplesmf.rw",
    "contact_phone": "+250 784 777 888",
    "status": "closed",
    "publish_date": "2024-12-15",
    "expiry_date": "2025-01-31",
    "featured_image": "",
    "external_link": ""
  }
]